DeltaRight, ThetaRight, AlphaRight, BetaRight, GammaRight, DeltaLeft, ThetaLeft, AlphaLeft, BetaLeft, GammaLeft, DeltaForward, ThetaForward, AlphaForward, BetaForward, GammaForward, DeltaBack, ThetaBack, AlphaBack, BetaBack, GammaBack, Direction
5256,3933,2264,1024,779,5523,3927,2290,1061,799,5782,3895,2291,1086,891,5369,3864,2208,1038,876,Left
5266,3830,2139,1019,810,5458,3799,2173,1085,803,5641,3746,2186,1145,843,5047,3719,2192,1163,797,Left
1335,946,606,266,329,1432,932,619,279,338,1752,922,628,288,377,1264,935,618,279,369,Left
715,373,323,103,36,426,366,307,99,34,751,372,305,101,31,391,385,316,107,33,Left
625,330,265,114,27,346,330,251,107,26,668,335,245,110,24,303,343,249,117,27,Left
475,90,54,27,10,154,88,51,26,10,481,89,53,26,10,147,91,57,28,10,Left
476,88,52,27,10,153,86,50,26,10,481,87,51,26,10,145,90,54,27,10,Left
475,90,47,31,10,150,87,44,30,10,478,87,45,30,10,146,90,48,32,10,Left
477,94,55,33,11,152,91,52,31,10,479,92,52,32,10,147,94,55,33,11,Forward
854,659,354,233,879,481,643,353,241,891,704,647,363,280,981,477,647,350,286,957,Forward
1503,988,495,423,1224,1204,917,444,358,1248,1418,858,429,354,1386,1341,773,415,362,1366,Forward
1811,1160,559,540,1794,1506,1125,527,497,1840,1664,1083,518,480,2046,1520,991,453,439,2005,Forward
1810,1253,661,599,1892,1658,1196,595,541,1952,1766,1141,540,506,2165,1670,1066,472,460,2117,Forward
1848,1290,659,608,1877,1662,1211,606,549,1936,1808,1143,548,512,2152,1652,1085,464,470,2106,Forward
1926,1027,624,550,1704,1679,1027,600,529,1769,1878,1001,569,496,1969,1592,919,497,421,1927,Forward
1634,679,595,450,1252,1331,681,602,421,1291,1558,674,592,399,1429,1219,630,545,366,1397,Forward
1204,429,483,333,828,833,458,477,322,844,1074,489,472,322,942,849,509,452,313,928,Forward
844,451,449,442,940,566,438,428,430,959,839,446,412,416,1072,606,434,373,381,1051,Forward
1075,521,659,575,1374,775,517,595,568,1388,989,525,558,565,1525,731,540,517,521,1492,Forward
965,825,661,588,1592,823,701,695,557,1606,1026,618,737,574,1751,837,589,733,558,1703,Backward
1422,780,634,587,1695,1048,651,658,570,1717,1096,581,693,586,1875,1203,549,680,566,1828,Backward
1239,692,618,560,1613,977,579,631,542,1638,1180,504,660,565,1790,1006,457,645,553,1744,Backward
1228,672,422,389,1438,880,568,488,414,1450,1115,491,570,466,1577,988,421,595,488,1537,Backward
1314,534,272,298,1095,911,458,266,295,1116,1217,399,300,325,1232,986,334,333,340,1208,Backward
1176,207,287,133,460,837,154,245,94,482,1158,120,204,92,533,884,129,171,107,519,Backward
719,212,95,49,19,402,212,89,46,18,724,206,89,45,19,373,203,89,45,19,Backward
486,116,80,27,13,157,116,77,24,12,500,114,76,25,13,165,111,82,26,14,Backward
459,117,75,28,12,140,115,67,26,12,478,118,73,25,13,138,113,69,26,12,Backward
456,95,75,33,13,137,93,71,30,12,471,97,73,30,12,133,92,73,33,12,Backward
458,77,43,32,13,136,74,40,30,13,471,79,44,30,12,135,74,50,32,12,Backward
457,89,53,30,13,129,86,52,29,13,461,89,48,30,12,132,85,55,31,12,Backward
459,88,66,29,13,134,85,68,27,12,462,88,64,29,12,131,86,72,30,12,Backward
460,90,72,27,13,134,88,72,28,12,462,91,65,28,12,134,88,74,29,12,Right
4200,2428,822,177,584,3824,2477,833,183,597,3934,2491,836,190,668,3900,2437,821,181,654,Right
3936,2461,812,177,585,3677,2510,834,181,597,3914,2524,842,188,668,3626,2470,818,180,654,Right
4015,2469,810,175,585,3633,2511,829,181,597,3841,2520,833,189,668,3624,2474,814,179,654,Right
4056,2453,817,176,584,3659,2512,825,181,597,3956,2532,825,189,668,3629,2469,814,179,654,Right
4377,1402,548,206,66,3858,1407,557,212,68,3893,1404,560,216,70,3987,1411,569,224,73,Right
1284,225,115,56,21,777,224,114,56,21,1073,228,114,55,20,945,230,116,56,21,Right
549,136,77,33,14,241,135,75,31,14,568,137,74,30,14,217,140,77,31,14,Right
868,393,247,135,349,552,402,248,114,366,907,409,247,106,403,646,385,226,102,394,Right
1344,488,265,448,846,996,507,264,462,876,1289,513,266,457,968,1010,485,271,421,944,Right
1351,771,415,603,1189,1126,794,427,640,1224,1416,800,431,645,1352,1058,766,410,585,1324,Left
1374,770,424,602,1189,1105,792,435,638,1224,1397,797,440,643,1352,1069,762,430,583,1324,Left
1352,642,431,573,1119,1123,653,448,607,1144,1415,660,458,613,1268,1026,650,451,558,1247,Left
759,352,322,150,301,444,356,359,134,313,759,360,389,130,343,417,375,392,124,332,Left
802,197,108,36,11,455,195,104,35,11,773,182,99,34,11,452,184,103,35,11,Left
576,85,73,26,10,219,87,71,24,10,549,83,69,25,10,249,83,74,26,10,Left
523,59,68,26,10,188,58,65,25,10,520,57,64,25,10,199,61,69,27,10,Left
514,58,73,28,10,185,58,71,27,10,519,56,70,27,10,188,59,75,28,11,Left
490,96,91,28,11,161,94,88,27,11,492,93,88,27,10,165,97,91,28,11,Left
500,105,114,41,55,170,104,110,42,53,506,102,112,44,59,178,106,114,42,60,Forward
1075,681,434,124,383,693,697,462,117,398,1003,719,483,135,442,791,699,471,148,438,Forward
1325,862,467,204,405,964,876,489,206,431,1232,892,506,214,487,931,878,500,214,488,Forward
1206,870,450,262,594,960,887,468,277,619,1202,910,483,291,692,845,892,476,281,685,Forward
1247,969,500,364,1088,1037,1017,538,403,1114,1302,1052,572,438,1231,889,1041,574,418,1210,Forward
1211,888,637,567,1605,1021,975,651,633,1635,1216,1035,659,682,1802,883,1021,636,649,1771,Backward
993,2169,1101,759,1966,1076,2326,1095,831,2003,1282,2429,1128,899,2201,1006,2291,1147,879,2150,Backward
832,2903,1322,746,1937,907,2975,1373,808,1974,1091,3007,1420,867,2171,905,2946,1398,846,2123,Backward
1199,2871,1310,759,1688,999,2953,1391,835,1721,1102,2989,1454,897,1894,1078,2917,1418,862,1852,Backward
1189,2860,1328,712,1613,929,2913,1380,757,1651,1204,2936,1425,808,1818,900,2890,1412,792,1779,Backward
1182,2760,1292,499,1203,880,2830,1317,509,1230,1207,2862,1340,528,1356,846,2800,1310,516,1329,Backward
991,597,559,277,364,681,485,449,254,311,1019,394,367,266,323,609,348,310,271,317,Backward
737,150,64,27,14,333,145,60,27,12,661,147,62,27,13,416,148,67,26,13,Backward
544,108,71,25,14,239,104,59,25,12,563,109,62,26,13,218,106,71,25,14,Backward
495,164,74,29,15,166,160,64,28,13,495,161,68,30,14,175,163,74,30,15,Backward
2069,1349,648,208,697,1738,1369,651,212,713,1988,1363,646,218,791,1786,1345,640,209,775,Right
1927,1359,630,208,697,1704,1372,641,213,712,1972,1361,642,219,792,1649,1351,628,209,774,Right
1997,1327,624,207,697,1675,1362,645,212,713,1860,1363,653,219,792,1662,1334,628,209,775,Right
2061,1346,623,208,696,1705,1368,639,212,712,2034,1363,643,217,792,1661,1344,625,209,774,Right
2115,1238,727,191,759,1742,1308,716,197,776,2057,1338,695,201,859,1814,1277,687,160,837,Right
1077,325,156,73,30,694,322,154,73,30,1015,318,153,73,30,738,317,152,73,30,Right
484,92,63,28,20,158,92,62,29,23,482,94,64,32,25,151,97,65,34,23,Right
1478,604,200,221,832,1110,624,203,186,864,1231,660,206,153,964,975,713,163,130,944,Right
1711,738,428,381,1249,1373,794,442,378,1283,1595,833,444,363,1428,1431,790,376,318,1401,Right
2059,1233,575,464,1448,1945,1240,630,486,1469,2067,1251,668,501,1631,1917,1265,635,478,1604,Left
4179,1823,1098,689,1630,3810,1927,1211,715,1673,3850,1993,1301,745,1860,3824,1978,1320,731,1828,Left
4894,3317,1130,759,1774,4536,3396,1194,787,1821,4426,3433,1218,799,2029,4620,3364,1152,750,1992,Left
4916,3266,1089,705,1517,4450,3355,1144,736,1559,4414,3390,1168,756,1736,4580,3293,1113,726,1704,Left
4879,3487,1074,741,1420,4438,3556,1125,748,1482,4603,3578,1162,751,1658,4543,3522,1155,717,1632,Left
4174,3296,1060,725,1680,3961,3373,1060,745,1737,4204,3413,1048,755,1938,3907,3363,993,732,1905,Left
3748,1812,1436,733,1714,3395,1757,1397,710,1760,3254,1701,1355,707,1939,3542,1602,1263,665,1894,Left
2289,890,826,655,1828,2053,879,824,657,1878,2001,893,812,668,2086,2200,874,748,637,2048,Left
2023,1354,1182,729,2015,1984,1357,1196,732,2045,2025,1431,1231,781,2267,1974,1470,1184,778,2237,Forward
2329,1161,1194,838,2336,2217,1248,1238,874,2376,2203,1340,1289,924,2614,2207,1379,1249,879,2567,Forward
2019,1353,1268,940,2317,1986,1480,1322,1009,2343,2081,1594,1370,1064,2581,1960,1624,1310,997,2541,Forward
2140,1391,1132,754,2138,2088,1505,1174,858,2153,2300,1603,1243,946,2356,2035,1610,1217,908,2319,Forward
1984,1256,1165,732,1832,1914,1321,1232,800,1860,2153,1384,1292,856,2052,1807,1360,1269,811,2016,Forward
1419,1040,764,602,1425,1190,1046,862,683,1445,1545,1045,929,734,1590,1192,1028,887,679,1561,Forward
1356,789,697,415,902,1052,825,623,341,918,1346,867,549,295,1007,1042,880,467,270,993,Forward
865,396,474,385,913,495,395,478,391,931,724,382,458,389,1023,547,365,410,365,1000,Backward
927,390,471,381,913,631,389,475,386,931,917,373,455,385,1023,632,354,407,362,1001,Backward
945,411,446,376,893,617,416,447,381,912,906,402,427,378,1004,642,382,377,353,982,Backward
942,353,330,347,822,644,338,304,358,820,955,324,283,353,894,619,309,259,324,875,Backward
925,325,225,193,587,620,312,243,234,593,971,301,257,261,653,672,311,264,253,642,Backward
860,91,104,27,15,621,89,97,26,13,951,86,97,27,13,540,89,108,28,13,Backward
490,112,77,29,14,184,112,68,26,13,510,108,74,27,13,168,110,78,28,13,Backward
3712,1157,540,160,607,3343,1163,559,165,623,3488,1160,566,168,691,3406,1150,543,163,675,Right
3476,1169,543,157,607,3191,1191,556,167,623,3390,1199,560,173,692,3161,1171,543,163,674,Right
3569,1177,546,160,607,3176,1180,562,165,623,3394,1174,570,168,691,3175,1167,548,162,674,Right
3563,1170,562,159,607,3215,1166,568,166,623,3535,1158,566,170,691,3174,1156,556,162,674,Right
2859,1158,597,271,96,2517,1152,593,270,96,2837,1136,586,266,96,2472,1131,587,267,96,Right
1158,178,102,48,18,669,178,103,49,19,991,178,104,50,19,822,178,107,50,19,Right
518,81,153,123,183,172,79,162,133,188,494,80,167,136,208,192,81,158,126,202,Left
6106,4647,1382,746,726,5401,4708,1407,757,735,5405,4722,1410,760,808,5730,4663,1332,740,791,Left
7240,3535,1634,581,700,7228,3619,1682,598,712,7431,3653,1701,605,791,7122,3577,1640,583,777,Left
7238,3581,1648,581,700,6766,3666,1696,598,712,7006,3701,1715,605,791,6793,3622,1655,582,777,Left
7227,3584,1643,583,700,6777,3669,1692,599,712,7013,3705,1710,606,791,6778,3626,1650,584,777,Left
7139,3214,1635,692,432,6908,3274,1688,723,445,7004,3284,1711,739,495,6897,3202,1649,700,483,Forward
3681,603,692,269,641,3716,535,678,272,651,4060,522,680,303,706,3506,555,749,352,690,Forward
3924,2019,262,335,1119,3693,2038,207,313,1132,3750,2050,264,341,1259,3790,2002,319,369,1241,Forward
3693,2206,463,428,1290,3348,2244,514,418,1319,3571,2267,564,445,1466,3431,2228,578,444,1431,Forward
3432,2197,600,715,1844,3364,2245,661,738,1897,3493,2279,727,764,2104,3495,2264,735,750,2058,Forward
3441,2521,1146,1133,2208,3279,2498,1244,1168,2290,3409,2487,1263,1172,2535,3441,2494,1209,1121,2474,Backward
1735,1831,1529,1318,2143,1615,1887,1637,1380,2213,1786,1896,1653,1395,2427,1571,1880,1586,1335,2355,Backward
2195,1432,1504,1317,1922,1950,1433,1607,1379,2009,2136,1404,1631,1372,2207,1889,1363,1567,1302,2141,Backward
2172,1451,1554,1299,1761,1906,1415,1647,1351,1825,2162,1365,1661,1337,1999,1930,1325,1586,1266,1944,Backward
2176,1552,1441,1177,1475,1875,1569,1550,1242,1519,2174,1531,1564,1240,1652,1853,1466,1510,1188,1602,Backward
2165,1434,1102,889,922,1879,1437,1189,951,950,2186,1395,1196,953,1031,1878,1353,1136,904,990,Backward
1610,610,321,147,52,1289,605,317,148,52,1609,607,313,148,51,1261,600,312,151,50,Backward
675,102,78,32,15,298,102,73,30,14,623,102,78,30,14,344,103,77,32,14,Backward
461,86,64,27,13,134,84,59,25,12,459,81,63,24,13,138,83,66,27,13,Right
1641,2547,820,601,248,1187,2570,840,608,266,1320,2630,874,628,284,1348,2613,825,622,267,Right
1943,2647,818,577,244,1600,2664,833,591,264,1869,2724,849,618,282,1667,2704,832,605,264,Right
1760,2613,809,579,243,1530,2640,832,593,263,1712,2707,851,620,282,1573,2678,826,607,264,Right
1867,2619,807,578,243,1549,2634,840,593,263,1868,2693,860,621,282,1579,2676,829,607,264,Right
1871,2604,807,578,243,1568,2637,853,593,263,1914,2710,875,620,283,1614,2674,837,607,263,Right
2017,626,236,85,27,1697,626,241,87,27,2026,624,242,89,29,1677,627,245,91,29,Right
987,188,73,39,14,519,187,70,39,14,848,189,72,39,13,653,191,74,40,13,Right
585,239,335,209,400,231,253,371,223,432,565,256,378,221,461,260,245,367,210,431,Right
766,424,374,364,904,414,468,460,394,941,793,502,524,406,1013,539,513,540,384,971,Right
2564,1785,913,491,1290,2236,1826,976,480,1335,2479,1838,1024,462,1449,2228,1806,1034,436,1402,Left
3137,1922,1249,543,1444,2722,1988,1309,560,1497,2551,2015,1346,572,1637,2767,1953,1280,561,1589,Left
3260,1911,1275,521,1483,2928,1978,1383,523,1536,2691,2005,1447,513,1688,2992,1936,1364,463,1644,Left
4103,3920,1607,667,1667,3653,4102,1800,702,1718,3474,4188,1911,742,1876,3778,4054,1863,719,1822,Left
3980,3987,1576,632,1664,3524,4154,1780,682,1703,3693,4238,1900,726,1862,3683,4119,1856,707,1814,Left
3867,3988,1457,578,1317,3450,4177,1606,622,1354,3660,4269,1689,649,1484,3578,4128,1626,619,1446,Left
3339,3898,1230,677,1382,2976,4077,1399,728,1420,3187,4162,1489,764,1565,3053,4017,1433,728,1531,Left
3469,2738,1587,637,1483,3470,2749,1571,666,1536,3680,2744,1545,706,1693,3445,2709,1502,703,1655,Left
1263,892,742,655,1753,892,874,664,674,1846,848,861,646,724,2076,864,796,613,720,2048,Forward
1239,1724,1339,674,2076,1069,1716,1230,628,2143,987,1680,1140,646,2398,857,1565,1074,646,2374,Forward
2076,2674,1207,843,2330,1946,2570,1044,786,2412,1874,2441,933,767,2679,1854,2266,811,739,2635,Forward
2123,2711,1291,881,2396,1962,2629,1151,789,2484,1864,2520,1045,735,2760,1774,2357,944,693,2715,Forward
2033,2619,1408,1007,2432,1913,2533,1423,1018,2527,1849,2426,1438,1041,2815,1774,2266,1377,1021,2770,Forward
1943,2630,1325,1070,2749,1799,2535,1348,1080,2834,1719,2427,1378,1110,3128,1655,2273,1315,1080,3066,Backward
2134,2460,1134,1084,2623,2038,2348,1043,1084,2687,1969,2234,1100,1120,2932,1910,2075,1117,1102,2846,Backward
1538,2013,1219,923,2548,1295,2025,1408,1013,2614,1166,2029,1541,1077,2876,1354,1931,1557,1070,2806,Backward
1603,1868,1143,934,2224,1460,1880,1245,1048,2267,1676,1889,1298,1120,2484,1507,1854,1279,1093,2422,Backward
1832,1746,1085,629,1907,1467,1794,1159,701,1941,1706,1826,1175,761,2140,1514,1777,1131,762,2099,Backward
1839,1792,1045,583,1631,1498,1829,1122,654,1656,1805,1857,1138,713,1822,1476,1817,1087,717,1781,Backward
1889,1282,635,203,689,1554,1351,698,205,704,1867,1405,748,227,774,1587,1407,726,229,752,Backward
849,97,91,36,15,423,94,81,33,14,754,92,84,32,14,530,98,89,33,14,Backward
3631,1222,591,255,584,3110,1250,610,273,599,3339,1257,611,283,666,3256,1220,592,267,650,Right
3433,1229,602,254,584,3179,1222,629,260,596,3466,1205,636,263,663,3118,1207,607,259,649,Right
3457,1179,615,248,583,3136,1205,634,258,596,3282,1209,636,264,663,3140,1179,615,255,649,Right
3581,1202,607,252,589,3165,1199,637,260,602,3457,1187,644,264,668,3156,1184,615,258,655,Right
3596,1164,713,278,655,3264,1211,724,289,671,3558,1229,719,296,744,3320,1176,705,287,728,Left
3946,3464,1528,573,810,3508,3563,1580,594,828,3416,3620,1597,604,919,3564,3523,1547,582,902,Left
5162,4568,1855,577,815,5207,4661,1917,601,833,5441,4704,1938,612,924,5093,4624,1885,589,907,Left
5339,4413,1909,682,1195,4929,4500,1983,717,1218,4964,4540,2018,735,1350,5040,4467,1946,701,1327,Left
5563,4454,1991,696,1161,5455,4536,2059,716,1182,5467,4573,2087,727,1310,5429,4506,2031,706,1288,Left
5631,3694,1948,670,1056,5154,3766,2000,693,1079,5044,3792,2017,704,1197,5254,3743,1979,682,1177,Left
4245,1330,930,410,834,4259,1324,928,417,847,4307,1321,922,423,937,4251,1321,922,410,922,Left
2789,1134,469,257,72,2313,1114,456,246,65,2645,1098,449,239,63,2492,1088,438,235,63,Left
1104,339,208,62,21,679,329,199,62,21,1006,330,196,59,19,781,332,200,58,19,Left
789,379,142,37,14,528,371,138,35,13,856,371,140,35,13,475,377,143,38,12,Left
694,405,124,29,14,405,393,116,28,13,735,392,120,27,13,373,401,120,28,12,Left
4739,3749,1961,735,324,4397,3812,2014,757,326,4540,3823,2031,767,370,4459,3762,1977,744,366,Forward
4495,3782,1953,731,323,4190,3848,2009,755,326,4398,3860,2029,766,370,4177,3796,1971,742,366,Forward
4513,3793,1954,731,323,4189,3840,2015,756,326,4375,3839,2040,766,370,4159,3795,1975,742,366,Forward
4610,3760,1950,732,323,4228,3831,2010,756,326,4525,3847,2033,766,370,4189,3777,1971,742,366,Forward
4539,3809,1959,726,323,4241,3782,2055,752,326,4533,3739,2094,764,370,4185,3767,2004,738,366,Forward
1378,275,110,46,17,867,266,105,43,17,1124,264,102,42,16,1049,264,99,44,16,Forward
548,74,49,33,12,251,72,49,31,12,575,73,48,31,12,217,75,50,33,12,Forward
477,92,62,30,14,150,89,62,29,18,477,90,63,29,22,154,93,66,31,21,Forward
652,156,171,159,488,339,175,144,178,497,697,209,133,209,542,405,213,118,222,529,Forward
664,239,296,337,1207,364,261,289,325,1232,649,323,288,340,1358,421,371,278,341,1330,Backward
619,324,287,452,1532,409,277,243,399,1572,679,312,250,377,1738,478,362,233,375,1703,Backward
551,375,401,561,1805,523,398,436,551,1855,646,429,454,549,2059,447,416,406,511,2022,Backward
698,371,446,630,2291,659,369,545,688,2354,660,379,614,728,2608,618,341,602,675,2556,Backward
914,775,542,769,2438,881,715,581,750,2521,878,698,633,778,2800,972,715,620,735,2744,Backward
2039,865,603,707,2493,2033,907,734,763,2545,2025,965,847,811,2820,2054,967,844,771,2769,Right
3722,1500,1468,849,2209,3454,1533,1586,911,2261,3280,1604,1687,986,2496,3564,1628,1660,957,2445,Right
3833,1116,1439,701,1782,3884,1163,1505,718,1838,3900,1272,1574,789,2019,3755,1310,1554,801,1965,Right
4092,1182,1415,679,1522,3736,1238,1471,714,1557,3816,1338,1526,765,1706,3826,1367,1492,750,1664,Right
4127,1114,1334,638,1276,3672,1175,1372,676,1303,3727,1294,1422,739,1414,3764,1316,1401,742,1361,Right
3700,1040,1264,541,850,3428,1058,1289,557,894,3649,1159,1322,597,948,3619,1175,1295,596,889,Right
2187,1036,1002,377,1043,2182,1044,1034,364,1107,2487,1068,1068,379,1200,2012,1120,1113,397,1147,Right
2384,1168,531,407,1471,1950,1244,653,429,1547,2066,1283,741,454,1690,2016,1257,756,437,1628,Right
2014,1132,601,528,1830,1675,1209,624,531,1916,1900,1259,672,563,2109,1686,1246,701,542,2051,Left
3591,2561,1172,662,2210,3573,2555,1205,688,2290,3598,2536,1260,752,2517,3555,2511,1276,756,2454,Left
3526,3232,1261,782,2433,3531,3320,1306,857,2514,3607,3378,1379,951,2776,3543,3336,1366,943,2713,Left
3569,3138,1348,741,2334,3420,3204,1410,795,2386,3417,3260,1487,891,2633,3344,3249,1467,896,2583,Left
3788,3286,1651,736,2399,3764,3303,1772,848,2440,3830,3311,1868,977,2689,3883,3256,1825,983,2640,Left
4646,3416,1583,691,2155,4441,3474,1745,817,2185,4443,3508,1848,923,2405,4417,3477,1784,907,2367,Left
4235,2842,1801,715,1710,4232,2797,1875,762,1723,4263,2754,1906,792,1911,4191,2734,1817,741,1892,Left
4197,3251,1834,667,1726,3873,3313,1884,726,1741,4056,3340,1898,771,1924,3948,3287,1802,716,1897,Left
4128,3709,1839,652,1595,4149,3804,1846,655,1620,4337,3844,1827,659,1793,4035,3745,1722,611,1768,Left
4644,4075,1134,641,1390,4300,4133,1133,635,1423,4551,4150,1124,625,1583,4268,4093,1052,576,1562,Left
4020,4202,1229,499,992,3550,4269,1235,513,1005,3667,4284,1240,515,1117,3772,4207,1209,497,1104,Left
4720,5091,2456,546,974,4919,5199,2536,565,993,5114,5235,2581,576,1104,4747,5133,2535,557,1083,Left
6813,6276,2731,579,952,6520,6375,2797,596,971,6379,6421,2823,607,1080,6561,6325,2741,596,1061,Forward
5846,6151,2663,552,924,5466,6260,2733,577,944,5591,6313,2763,592,1051,5477,6200,2679,570,1030,Forward
5800,5933,2560,525,815,5312,6042,2636,545,832,5496,6095,2670,558,926,5412,5983,2579,540,907,Forward
5488,3159,1479,491,565,5137,3224,1534,483,574,5351,3247,1556,478,632,5075,3149,1520,481,622,Forward
2814,777,428,188,170,3085,787,436,191,180,3410,796,447,198,202,2910,780,434,191,197,Forward
763,434,369,272,524,497,450,381,260,546,839,463,388,248,610,477,444,364,220,600,Forward
1009,558,478,505,1140,668,641,529,595,1128,987,707,594,666,1206,635,711,590,656,1165,Forward
1353,619,621,521,1761,1232,630,578,593,1769,1551,688,551,688,1920,1317,661,516,690,1863,Forward
1364,651,656,548,2049,1213,697,679,692,2076,1442,769,706,803,2269,1339,769,646,795,2213,Forward
1192,693,738,602,2264,1243,607,662,720,2296,1429,649,638,849,2525,1422,697,568,857,2468,Forward
1367,742,727,696,2489,1344,626,798,770,2513,1409,653,891,888,2757,1443,729,888,893,2696,Forward
1319,1004,764,670,2597,1179,1041,807,767,2628,1173,1151,971,908,2884,1272,1227,1025,940,2820,Forward
1576,1146,702,704,2451,1482,1163,675,612,2506,1445,1217,807,661,2758,1668,1254,877,729,2693,Backward
1550,1169,694,566,2152,1645,1190,695,520,2200,1823,1248,786,598,2422,1629,1225,802,653,2363,Backward
1844,1006,591,549,1904,1558,919,475,547,1957,1786,861,400,606,2155,1628,802,332,633,2101,Backward
2070,788,350,291,1205,1631,813,332,262,1234,1867,827,338,285,1365,1657,800,339,317,1339,Backward
4807,3683,1808,581,563,4437,3732,1859,608,588,4478,3739,1871,616,649,4516,3683,1818,590,625,Right
4435,3680,1802,581,563,4123,3745,1862,605,588,4301,3760,1881,612,650,4125,3690,1818,589,625,Right
4520,3685,1808,580,563,4135,3741,1864,604,588,4316,3750,1880,611,649,4143,3689,1821,588,625,Right
4772,3498,1850,577,482,4357,3470,1839,598,486,4676,3427,1812,602,542,4454,3438,1825,597,541,Right
4839,3207,1834,927,300,4342,3204,1834,933,315,4636,3168,1809,924,347,4533,3106,1766,907,362,Right
1550,442,200,149,109,1050,443,203,151,110,1365,448,202,153,123,1224,445,201,150,120,Right
751,245,391,331,492,446,278,417,376,507,774,300,424,399,556,423,282,398,375,540,Right
1323,884,595,408,1042,981,989,651,467,1087,1297,1054,691,528,1200,1120,1042,673,535,1165,Right
1373,1001,758,502,1600,1022,1095,790,579,1661,1248,1157,821,668,1830,1032,1159,807,695,1781,Left
1552,1229,946,601,1834,1214,1355,985,676,1898,1293,1447,1015,761,2090,1281,1456,1000,778,2032,Left
1376,1291,971,625,1985,1303,1353,1001,694,2058,1369,1416,1025,793,2273,1358,1439,1008,816,2209,Left
1712,1302,870,561,1903,1726,1308,849,612,1969,1807,1317,835,697,2169,1718,1290,775,725,2108,Left
1752,1241,649,527,1516,1451,1234,646,545,1567,1660,1229,643,570,1731,1477,1181,627,557,1686,Left
1667,1179,602,477,1338,1304,1145,600,525,1391,1542,1123,598,546,1538,1364,1120,573,509,1492,Left
1636,774,577,385,1035,1316,741,560,444,1065,1629,721,542,483,1175,1279,710,537,465,1149,Left
1434,418,149,67,26,1187,420,152,67,26,1501,424,155,69,27,1096,423,160,71,27,Left
756,157,99,39,16,341,155,97,37,16,668,157,96,37,15,430,161,101,42,16,Left
498,152,77,31,13,174,148,75,29,14,504,150,76,28,13,173,152,78,30,13,Left
4230,3294,1406,228,547,3970,3353,1451,235,558,4192,3367,1462,243,622,3925,3304,1419,231,609,Forward
4224,3290,1405,228,547,3917,3348,1452,235,558,4047,3361,1464,243,622,3911,3300,1419,231,609,Forward
4353,3302,1409,229,547,3941,3339,1453,236,558,4218,3339,1462,244,622,3922,3297,1421,232,609,Forward
4596,3225,1477,354,1087,4215,3332,1465,355,1123,4483,3382,1430,371,1246,4188,3320,1364,359,1219,Forward
2467,1446,523,449,1438,2560,1534,577,481,1469,2731,1589,630,506,1616,2326,1551,641,488,1569,Forward
1466,1504,718,569,1766,1208,1551,764,567,1810,1444,1575,802,561,2014,1193,1543,816,521,1979,Forward
1592,1603,820,576,1849,1528,1660,885,563,1894,1717,1693,942,554,2102,1395,1659,961,521,2062,Forward
1606,1736,971,672,1993,1588,1795,1027,669,2047,1678,1833,1080,668,2268,1527,1780,1084,617,2220,Backward
2517,1650,1081,687,1995,2290,1702,1117,720,2053,2341,1741,1157,759,2278,2412,1726,1163,751,2233,Backward
2346,1650,1124,639,1916,2161,1723,1183,669,1977,2237,1776,1234,705,2194,2150,1763,1231,694,2149,Backward
2245,1591,942,518,1287,2085,1620,939,565,1328,2325,1640,944,615,1458,2031,1593,910,621,1419,Backward
2328,1513,935,450,1281,1889,1537,943,507,1322,2138,1555,955,564,1451,1886,1510,917,562,1409,Backward
2250,1451,906,473,1154,1932,1496,926,515,1181,2114,1526,939,562,1295,1760,1479,916,557,1263,Backward
1617,460,97,42,13,1158,463,96,42,13,1494,461,98,44,13,1308,462,100,45,13,Backward
730,125,71,24,12,332,119,70,22,12,656,122,66,25,12,403,123,72,27,13,Backward
513,83,70,23,13,182,77,69,22,12,516,81,67,24,13,185,84,73,25,13,Right
4088,3495,1574,379,534,3538,3583,1616,397,541,3518,3613,1634,410,602,3570,3523,1581,392,593,Right
4187,3362,1580,367,532,3924,3427,1627,380,538,4143,3446,1645,386,598,3921,3380,1596,374,590,Right
4249,3347,1577,370,532,3858,3419,1624,380,537,3979,3441,1643,386,598,3908,3369,1593,375,590,Right
4363,3358,1581,369,532,3889,3408,1620,381,537,4164,3416,1634,388,598,3927,3366,1592,375,590,Right
4285,3316,1576,370,532,3905,3416,1624,380,537,4193,3455,1642,385,598,3931,3353,1594,375,590,Right
2411,509,139,75,23,2573,514,144,78,24,2898,519,148,81,25,2390,523,149,83,26,Right
652,162,84,39,15,352,162,83,37,15,676,159,83,36,15,320,157,83,36,15,Right
526,69,55,28,9,187,69,52,27,10,515,68,53,26,9,200,67,55,28,10,Right
491,77,52,25,9,159,77,50,24,10,489,75,51,23,9,166,76,53,24,10,Right
493,82,44,24,10,170,81,42,23,10,498,80,42,23,10,168,81,45,24,10,Left
3500,3476,1088,313,564,3378,3458,1133,290,567,3514,3447,1163,276,633,3401,3434,1137,286,627,Left
8863,3581,1931,614,952,8460,3624,1948,607,962,8209,3643,1960,607,1063,8562,3636,1962,618,1048,Left
9642,3430,1375,437,918,9218,3544,1436,449,934,9108,3609,1471,462,1041,9308,3489,1409,446,1025,Left
9292,3447,1396,433,918,8937,3518,1440,450,934,9064,3555,1465,465,1042,8933,3478,1419,445,1025,Left
9337,3451,1406,438,919,8960,3536,1445,449,934,9151,3582,1466,461,1041,8946,3490,1425,446,1026,Left
9334,2615,1361,456,822,9481,2563,1385,441,837,9601,2502,1388,443,894,9501,2398,1324,430,850,Left
2692,609,288,104,39,3059,617,288,108,38,3364,620,294,110,40,2868,628,299,113,41,Left
4794,4685,2085,850,656,4216,4774,2156,885,667,3996,4798,2183,904,737,4387,4709,2115,873,723,Forward
4800,4924,1932,888,1047,4357,5016,2002,921,1069,4532,5045,2031,940,1184,4408,4953,1964,907,1164,Forward
4769,4705,1924,872,1087,4561,4797,1996,907,1106,4748,4824,2025,927,1228,4477,4731,1957,894,1208,Forward
4999,4740,1908,907,1295,4665,4819,1983,933,1322,4793,4833,2012,946,1477,4717,4736,1940,910,1456,Forward
4489,3082,1103,677,1643,4242,3180,1156,676,1684,4092,3238,1188,668,1880,4240,3174,1134,632,1851,Forward
3100,1082,540,656,2086,2775,1150,530,677,2134,2867,1187,514,688,2363,2780,1152,514,649,2318,Forward
1654,786,453,717,2182,1611,681,444,751,2226,1787,610,488,794,2460,1512,667,495,766,2412,Forward
1421,556,558,686,2234,1174,478,563,745,2286,1249,474,579,792,2529,1225,458,559,763,2476,Forward
987,751,699,621,2095,945,733,743,690,2120,1132,712,794,762,2340,1003,686,775,748,2296,Forward
1122,1071,824,494,2033,1084,1143,913,631,2090,1343,1200,1004,760,2274,1172,1231,1019,777,2192,Backward
2210,1854,716,491,1764,2290,1920,779,533,1798,2368,1979,868,593,1954,2362,1954,885,602,1885,Backward
2618,1750,856,515,1865,2620,1826,875,580,1904,2793,1887,908,654,2071,2698,1880,939,655,1995,Backward
2794,1762,891,530,1886,2785,1875,904,602,1925,2953,1960,924,687,2095,2889,1913,921,697,2018,Backward
3636,2350,912,583,1657,3724,2418,903,639,1705,3841,2470,889,673,1903,3734,2430,863,634,1868,Backward
4705,2411,890,663,1593,4627,2464,874,705,1621,4849,2493,860,736,1809,4602,2464,837,713,1782,Right
5043,2193,1380,565,1361,4846,2257,1416,586,1382,4892,2284,1431,600,1547,4848,2211,1378,576,1527,Right
5402,2123,1338,572,1332,5094,2180,1377,600,1354,5080,2204,1395,620,1513,5116,2141,1330,593,1492,Right
5649,2007,1273,512,1259,5208,2081,1315,526,1285,5129,2124,1337,545,1428,5231,2080,1292,537,1405,Right
4943,1560,1206,527,1081,4626,1588,1229,539,1099,4696,1596,1234,547,1226,4720,1547,1189,515,1207,Right
4399,1378,600,237,77,3877,1386,606,243,79,3886,1381,611,246,81,3999,1386,620,253,83,Left
4478,3440,1540,503,396,3949,3546,1592,531,397,3991,3619,1625,551,450,4006,3501,1572,523,448,Left
4629,3315,1598,483,394,4444,3387,1654,500,393,4742,3440,1689,515,445,4414,3360,1634,496,445,Left
4709,3286,1599,481,394,4350,3374,1654,500,393,4528,3439,1687,516,446,4387,3343,1634,496,444,Left
4787,3304,1592,483,394,4387,3380,1651,500,393,4698,3436,1687,514,446,4384,3354,1629,497,444,Left
4751,3245,1597,483,394,4413,3378,1638,502,393,4719,3472,1665,518,445,4420,3332,1620,498,444,Left
2344,775,380,205,74,2256,782,378,204,74,2574,791,377,206,74,2051,783,374,207,74,Left
760,192,129,49,20,483,192,127,47,19,800,198,125,49,20,418,200,129,46,20,Left
692,274,110,31,14,385,271,110,32,12,720,266,110,32,12,360,271,114,32,14,Left
756,282,113,30,14,409,278,112,29,12,744,273,110,31,11,431,280,113,30,13,Left
737,275,102,32,13,434,270,103,31,12,773,266,103,31,11,412,272,103,30,12,Left
745,281,82,30,13,444,278,82,30,13,775,274,84,29,11,423,278,87,30,13,Left
4516,3597,2083,1026,351,4230,3649,2146,1060,354,4530,3651,2169,1085,398,4187,3602,2107,1049,394,Forward
4496,3572,2071,1025,351,4214,3640,2137,1060,354,4347,3652,2160,1085,398,4208,3585,2099,1048,393,Forward
4623,3577,2065,1025,351,4210,3649,2139,1060,354,4435,3664,2168,1085,398,4201,3593,2098,1048,393,Forward
4581,3588,2057,1026,351,4246,3640,2137,1060,354,4563,3641,2171,1084,399,4203,3590,2095,1048,393,Forward
2832,1035,513,246,90,2860,1024,505,244,89,3185,1010,496,241,88,2674,992,486,236,87,Forward
1443,187,138,47,16,934,187,136,47,16,1193,188,139,47,16,1105,191,142,48,17,Forward
502,75,55,29,10,169,74,52,27,10,497,74,55,28,10,174,76,56,30,10,Forward
469,86,49,30,10,145,84,45,28,10,475,84,48,29,10,142,87,49,30,10,Forward
470,78,53,30,10,142,78,49,28,9,471,76,52,29,10,143,78,54,30,10,Forward
468,88,41,28,10,139,87,38,27,10,469,85,42,27,10,141,88,43,29,10,Forward
468,93,53,28,10,139,92,49,26,10,468,91,52,27,10,140,94,56,28,10,Forward
1972,1048,302,260,860,1671,1050,316,278,873,2006,1056,331,292,976,1675,1050,312,273,962,Backward
1911,1012,291,312,1144,1680,1050,320,365,1150,1826,1082,355,421,1288,1704,1054,379,429,1276,Backward
1868,1056,324,410,1434,1698,1092,341,463,1436,1849,1122,374,515,1605,1689,1084,367,495,1593,Backward
1893,1079,394,456,1822,1769,1122,403,526,1818,1951,1158,465,610,1987,1731,1126,471,606,1959,Backward
1046,543,397,515,2278,1137,606,391,570,2275,1240,681,468,666,2475,904,679,488,676,2425,Backward
744,665,690,664,2401,769,673,714,685,2378,825,678,725,732,2596,666,645,672,709,2555,Backward
742,628,663,676,2308,771,673,733,672,2283,831,715,797,709,2473,788,709,767,693,2421,Backward
1015,907,705,744,2457,934,890,705,766,2454,967,890,755,794,2653,1023,872,732,762,2592,Backward
1170,948,651,660,2187,1147,916,625,652,2226,1142,930,681,704,2458,1136,929,719,729,2414,Backward
1421,1223,907,645,2446,1317,1126,955,619,2495,1335,1071,1049,713,2755,1362,1018,1098,792,2703,Backward
1996,1434,667,603,2011,1785,1328,543,559,2077,1958,1254,503,588,2298,1693,1209,521,626,2255,Right
2074,1277,621,596,1838,1754,1214,481,510,1906,1911,1168,385,485,2107,1750,1159,365,489,2064,Right
1898,997,314,444,1231,1541,1054,319,443,1280,1827,1102,315,431,1429,1562,1118,311,376,1400,Right
1764,895,324,261,893,1449,873,337,250,935,1785,850,339,230,1052,1483,870,343,206,1034,Right
1365,269,150,115,338,1120,273,150,137,343,1395,272,153,150,377,996,269,153,147,369,Right
762,156,235,148,221,462,211,290,172,241,824,254,330,197,267,515,248,329,191,255,Right
1601,517,294,322,1062,1185,573,375,298,1106,1486,626,458,315,1237,1294,603,487,329,1216,Right
1664,716,392,502,1360,1295,753,402,495,1412,1543,778,421,487,1579,1320,750,417,449,1550,Right
1614,850,626,571,1652,1359,896,632,601,1701,1590,941,661,646,1899,1330,927,656,625,1867,Right
1597,943,587,627,1781,1384,1031,602,697,1832,1542,1087,622,758,2041,1311,1063,589,733,2004,Left
2452,1943,1503,788,2022,2371,1993,1563,853,2067,2560,2048,1619,915,2297,2338,1968,1565,877,2263,Left
3292,2391,1680,795,1785,3016,2431,1680,831,1823,3000,2474,1703,872,2018,3038,2390,1680,839,1984,Left
4306,2847,1491,694,1559,4019,2843,1512,713,1592,4040,2853,1542,738,1755,4099,2775,1487,707,1722,Left
4184,2818,1424,633,1389,3977,2806,1431,626,1421,4111,2806,1453,636,1564,3895,2720,1401,611,1531,Left
4170,2965,1242,545,1081,3978,2971,1259,540,1111,4173,2980,1290,549,1230,3927,2906,1260,534,1207,Left
4090,2175,495,309,655,3785,2202,463,301,661,4045,2213,444,298,732,3720,2155,445,314,717,Left
2280,754,332,155,58,2334,759,332,154,59,2626,757,337,157,61,2115,762,336,159,60,Left
676,121,61,24,13,413,117,58,22,14,747,117,59,22,13,349,122,61,25,13,Left
565,101,73,25,14,246,97,71,24,14,572,99,72,24,13,233,100,75,27,14,Left
538,109,69,26,13,213,107,67,24,13,545,111,67,24,12,208,113,73,26,13,Left
509,88,75,27,13,178,84,67,27,13,511,87,71,25,12,178,93,71,27,13,Left
508,108,61,27,14,183,103,51,26,13,511,106,63,25,12,177,111,60,26,13,Forward
4710,3620,2093,1030,349,4325,3686,2155,1071,351,4432,3701,2177,1094,395,4404,3634,2114,1058,391,Forward
4423,3644,2097,1030,349,4181,3717,2160,1069,351,4446,3738,2182,1090,395,4122,3662,2118,1057,391,Forward
4524,3636,2094,1029,349,4128,3712,2160,1069,351,4341,3733,2184,1091,395,4127,3655,2117,1057,391,Forward
4542,3627,2106,1028,349,4149,3720,2160,1069,351,4444,3753,2177,1092,395,4120,3658,2121,1056,391,Forward
3884,1696,846,398,140,3366,1692,844,398,141,3670,1680,838,398,141,3454,1672,839,398,142,Backward
615,88,65,29,11,352,86,63,28,10,681,87,65,29,10,286,90,67,31,10,Backward
3779,2578,743,162,563,3623,2661,763,172,573,3600,2719,779,183,640,3647,2631,758,169,629,Backward
4233,2454,721,177,565,3955,2495,748,172,574,4271,2527,770,172,639,3918,2479,740,173,629,Backward
4202,2427,735,162,564,3912,2490,758,167,574,4052,2533,777,176,640,3933,2465,753,164,629,Backward
4342,2443,731,164,564,3933,2495,755,167,574,4235,2532,774,172,640,3934,2473,750,165,629,Right
2309,2240,901,573,504,1830,2245,934,590,522,2297,2335,987,623,574,1979,2333,951,606,556,Right
1816,2308,869,561,503,1539,2301,889,569,520,1750,2388,934,597,571,1572,2394,911,590,554,Right
1876,2297,869,556,502,1520,2291,894,567,520,1758,2379,940,598,571,1582,2385,915,586,554,Right
2071,2333,1105,564,579,1749,2353,1126,574,603,2162,2433,1158,604,658,1875,2414,1132,593,636,Right
5389,4826,2979,734,1007,4895,4947,3077,774,1035,4882,4982,3169,824,1148,5017,4848,3070,809,1121,Left
5158,5340,3271,735,1337,4812,5475,3361,794,1350,4885,5515,3444,861,1482,4889,5345,3331,841,1456,Left
5153,5304,3112,736,1420,4923,5401,3193,794,1426,4957,5423,3279,864,1567,5014,5283,3177,845,1545,Left
5532,5405,3042,791,1501,5313,5447,3119,846,1500,5486,5437,3206,911,1645,5374,5359,3104,898,1624,Left
4560,4138,2827,819,1398,4425,4173,2861,898,1397,4757,4198,2910,981,1537,4479,4109,2889,975,1522,Left
3902,2311,1425,531,1129,3508,2362,1487,548,1126,3692,2396,1528,572,1240,3684,2351,1483,559,1231,Left
4297,3377,1642,517,872,3968,3457,1703,544,871,4261,3481,1741,570,967,3920,3405,1689,554,958,Forward
4322,3366,1622,509,852,3974,3446,1674,531,854,4244,3470,1707,553,953,3957,3397,1658,536,946,Forward
4286,3274,1641,490,820,4009,3333,1698,512,829,4139,3340,1730,526,927,3995,3284,1669,504,916,Forward
4406,3192,1541,464,572,4018,3252,1585,482,574,4237,3261,1609,491,642,4061,3202,1557,476,639,Forward
4254,3220,1534,463,572,3978,3278,1593,481,574,4277,3288,1625,489,642,3929,3230,1560,474,639,Forward
2425,467,163,59,21,2653,470,166,62,21,2977,472,170,64,22,2469,478,173,66,23,Forward
633,144,96,36,14,358,142,95,35,14,683,141,96,34,14,305,141,98,35,14,Forward
504,92,59,28,36,166,89,58,29,30,488,86,59,33,24,167,88,62,34,22,Forward
566,206,195,104,267,240,226,218,122,270,576,236,230,133,289,250,215,212,125,281,Forward
1174,536,274,209,687,816,522,325,208,715,1154,513,377,234,784,860,472,399,253,760,Forward
1243,801,441,425,1154,948,831,497,435,1195,1260,844,540,453,1320,1080,778,526,451,1285,Forward
1460,1272,689,623,1604,1041,1299,662,599,1697,1162,1315,714,627,1888,1038,1250,756,646,1840,Forward
1442,1593,806,768,2109,1281,1551,715,739,2204,1368,1503,739,758,2461,1308,1421,760,729,2411,Backward
1682,1855,879,788,2289,1533,1862,824,768,2364,1457,1833,870,777,2636,1640,1694,873,748,2586,Backward
2160,2299,860,825,2278,2165,2302,773,815,2359,2184,2278,747,840,2647,2239,2187,754,825,2603,Backward
2964,2634,1009,829,2181,2938,2631,968,838,2269,2928,2604,949,851,2552,2840,2517,931,815,2508,Backward
3309,2632,861,860,2027,3365,2665,768,849,2110,3382,2681,736,868,2368,3131,2642,684,844,2331,Backward
3296,2494,779,694,1943,3189,2585,861,756,1951,3325,2646,919,803,2139,3111,2655,891,777,2089,Backward
3333,2135,912,564,1404,2957,2195,936,586,1432,3091,2223,947,599,1596,2981,2179,910,574,1569,Backward
3598,1958,871,516,1157,3216,1999,895,532,1181,3389,2009,902,539,1313,3211,1967,884,518,1291,Backward
2894,1381,533,393,863,2809,1410,559,411,877,3034,1420,562,423,978,2677,1394,546,406,963,Backward
2203,1006,435,278,597,2082,1023,459,280,606,2335,1040,470,281,685,1932,1031,466,271,679,Backward
2187,978,997,457,813,2235,978,1014,452,830,2475,963,1018,455,922,2115,967,993,433,905,Backward
4562,2192,1606,494,1158,4642,2264,1711,525,1195,4767,2301,1778,556,1336,4496,2273,1759,547,1314,Backward
6265,3318,1791,684,1331,6342,3442,1881,705,1371,6395,3507,1938,728,1542,6286,3420,1914,714,1518,Backward
7777,4699,1913,626,1547,7320,4828,1979,635,1589,7457,4898,2023,651,1781,7381,4840,1976,629,1753,Right
7377,5023,1766,732,1415,7086,5096,1830,729,1463,7185,5125,1873,733,1640,7133,5063,1817,719,1618,Right
8004,3435,1497,463,908,7476,3510,1538,478,928,7257,3543,1560,489,1031,7624,3470,1502,472,1011,Right
6357,1701,775,346,474,5921,1645,712,295,480,5633,1584,662,248,511,6102,1533,609,219,492,Right
1504,242,119,103,146,1000,243,131,112,148,1229,247,138,117,163,1164,246,134,111,161,Right
1014,354,361,290,563,668,350,382,316,577,985,347,398,334,635,686,325,377,324,622,Right
1178,658,382,368,1069,882,633,367,397,1098,1189,619,390,438,1205,895,591,396,447,1176,Right
1187,563,650,575,1661,1022,519,641,648,1701,1308,504,664,724,1871,978,466,675,722,1825,Right
1274,746,701,697,1954,1050,662,678,712,2014,1220,626,730,772,2227,980,592,740,765,2176,Right
1078,754,607,788,2313,944,674,628,806,2386,1049,699,763,898,2639,896,709,868,921,2575,Right
1185,657,877,873,2590,1170,694,943,886,2663,1155,734,1053,968,2948,1003,748,1068,970,2892,Right
999,646,789,777,2722,966,657,963,751,2769,998,755,1135,808,3037,953,786,1194,838,2963,Right
734,459,704,690,2638,787,576,905,750,2698,913,706,1101,857,2963,925,775,1159,883,2884,Left
2203,1502,778,579,2617,1962,1568,981,639,2680,1868,1632,1160,752,2949,2152,1591,1201,792,2873,Left
2555,1847,1154,647,2367,2620,1868,1239,694,2405,2776,1896,1332,773,2639,2637,1888,1336,783,2571,Left
3106,1856,846,452,1993,3051,1885,912,505,2050,3234,1922,967,601,2262,3051,1895,956,631,2200,Left
3198,1869,836,449,1770,2918,1897,888,511,1813,3212,1912,939,580,1991,3031,1878,927,587,1941,Left
4984,3540,1427,428,949,4839,3607,1487,450,969,4810,3614,1511,468,1074,4863,3528,1443,446,1054,Forward
4433,3418,1411,381,551,4361,3458,1441,378,560,4601,3451,1447,377,619,4281,3400,1408,376,609,Forward
4485,3319,1359,335,546,4209,3375,1399,346,557,4332,3380,1409,354,617,4232,3316,1368,341,606,Forward
4562,3345,1367,348,615,4102,3384,1411,366,630,4380,3378,1423,379,695,4131,3332,1380,360,680,Forward
4506,3364,1318,438,969,4177,3461,1357,470,988,4447,3492,1368,495,1086,4158,3401,1320,474,1063,Forward
2467,731,480,376,1153,2786,731,554,432,1182,3068,740,614,475,1296,2639,729,611,461,1261,Backward
1033,610,526,500,1571,987,559,589,576,1614,1275,551,645,652,1769,926,542,653,651,1720,Backward
970,667,564,649,2082,902,748,634,799,2131,1147,811,715,909,2336,941,774,706,895,2281,Backward
918,702,575,736,2264,971,772,654,868,2330,1161,860,763,988,2569,1076,890,788,979,2506,Backward
1416,939,776,836,2436,1457,968,883,957,2497,1495,1008,968,1052,2751,1396,997,981,1027,2688,Backward
1622,1439,751,817,2601,1641,1546,946,973,2653,1663,1605,1087,1089,2918,1647,1557,1064,1055,2848,Backward
1819,1458,850,861,2650,1854,1547,1022,1011,2697,1871,1588,1133,1112,2982,1901,1537,1098,1066,2928,Backward
1978,1731,839,789,2615,1960,1822,920,895,2665,1930,1872,946,956,2928,1958,1811,870,901,2857,Backward
2123,2077,876,883,2565,2063,2057,919,968,2622,2012,2036,990,1038,2923,2013,1946,963,999,2871,Backward
2698,1952,903,905,2552,2703,1883,986,1035,2603,2711,1856,1069,1122,2873,2745,1777,1048,1079,2813,Backward
3250,2605,995,692,2431,3249,2607,1086,765,2477,3253,2604,1153,826,2745,3246,2527,1162,815,2694,Backward
3710,3010,1154,647,2338,3623,3015,1214,714,2380,3564,3002,1263,792,2634,3604,2914,1254,801,2583,Backward
3595,3422,1481,844,2383,3507,3421,1514,917,2424,3450,3400,1515,958,2696,3545,3309,1442,907,2651,Backward
3160,2610,806,655,2061,3152,2631,808,736,2113,3143,2620,790,800,2352,3169,2557,740,781,2308,Right
3369,2230,882,744,2021,3230,2302,866,765,2076,3128,2334,827,798,2313,3252,2303,752,781,2270,Right
2642,1652,591,714,2103,2605,1718,574,678,2169,2587,1752,577,722,2407,2631,1730,566,733,2356,Right
2520,2127,837,791,2272,2520,2111,798,781,2354,2562,2081,769,823,2614,2533,2007,726,817,2557,Right
4037,4259,1957,1030,2395,4054,4284,2015,958,2464,4060,4273,2047,932,2731,4043,4171,2017,875,2676,Right
5474,3732,2378,1030,2469,5126,3844,2440,1034,2545,4881,3904,2473,1088,2826,5100,3817,2376,1078,2764,Right
4694,3434,2470,1051,2414,4635,3509,2504,1086,2475,4670,3555,2509,1139,2746,4688,3490,2397,1101,2694,Left
4893,3296,2454,1007,2428,4872,3367,2564,1166,2470,4914,3403,2612,1302,2716,4953,3340,2510,1269,2666,Left
5158,2834,2499,930,2495,5013,2837,2653,1092,2536,4935,2825,2756,1207,2799,5019,2758,2700,1158,2748,Left
3813,1401,1759,1029,2488,3601,1483,1855,1168,2539,3573,1538,1917,1260,2802,3666,1524,1872,1203,2747,Left
2734,1468,1070,818,2540,2803,1487,1216,973,2579,2824,1506,1294,1070,2851,2732,1471,1221,1004,2804,Left
1571,1115,862,1011,2790,1605,1111,990,1142,2839,1668,1097,1095,1222,3118,1682,1032,1042,1130,3036,Left
1092,1107,858,829,2698,1052,1238,1020,948,2749,1040,1321,1109,1022,3041,1020,1293,1040,945,2986,Left
1107,823,755,825,2726,1083,907,903,904,2801,1084,1010,1002,977,3099,1080,1048,968,929,3032,Left
1002,778,854,863,2683,957,789,956,918,2757,954,839,1022,978,3071,983,841,955,937,3019,Left
990,751,764,775,2644,1045,880,731,748,2682,1126,1035,785,808,2956,1103,1083,790,815,2894,Left
1262,817,774,758,2736,1248,918,750,714,2811,1259,1096,846,787,3108,1226,1180,847,812,3038,Left
1453,967,681,779,2664,1441,1036,744,771,2722,1409,1086,852,850,2998,1325,1056,830,840,2940,Left
1123,939,675,709,2645,1200,1012,735,732,2741,1265,1073,769,763,3060,1247,1047,730,727,3017,Left
1102,907,656,735,2375,1111,918,690,733,2425,1108,896,690,719,2687,1076,830,622,647,2641,Forward
1553,1224,746,900,2717,1552,1276,792,955,2781,1518,1282,781,964,3085,1461,1204,673,858,3028,Forward
1623,1118,682,896,2786,1660,1168,719,1031,2841,1670,1194,738,1121,3139,1659,1132,669,1058,3074,Forward
1527,1133,679,967,2856,1579,1177,736,1044,2932,1598,1202,767,1113,3261,1591,1137,702,1044,3201,Forward
1469,1366,721,938,2976,1514,1418,747,1023,3025,1569,1441,773,1108,3337,1520,1356,712,1062,3271,Forward
1548,1512,904,1003,3074,1598,1538,984,1128,3128,1702,1532,1011,1261,3436,1691,1414,901,1224,3355,Forward
1001,934,628,859,2686,1101,894,610,923,2733,1234,913,705,1070,2998,1257,894,709,1116,2919,Forward
943,809,499,780,2784,1044,854,555,881,2823,1148,940,671,1014,3098,1139,925,676,1028,3021,Forward
995,905,532,790,2760,1036,1003,609,921,2786,1136,1127,727,1067,3072,1144,1117,697,1070,3009,Forward
1021,842,594,935,2763,1084,914,781,1101,2803,1115,990,905,1268,3087,1074,921,857,1273,3016,Forward
678,751,545,787,2743,706,740,600,824,2827,749,780,670,906,3137,747,737,632,884,3066,Forward
742,759,551,910,2603,762,772,599,941,2671,752,761,628,949,2965,656,656,565,840,2901,Forward
1525,930,514,705,2290,1528,910,511,687,2371,1664,897,505,687,2633,1502,876,476,644,2573,Backward
1596,997,617,597,1867,1591,1033,615,637,1935,1782,1058,616,670,2163,1524,1053,589,636,2121,Backward
1855,1058,467,509,1608,1653,1143,498,599,1651,1910,1197,536,661,1829,1625,1164,524,643,1787,Backward
1867,1241,535,359,1119,1595,1284,559,417,1139,1936,1311,576,452,1264,1641,1285,554,427,1241,Backward
2072,1071,459,184,332,1641,1091,458,188,336,1974,1103,456,191,381,1777,1087,445,191,376,Right
3718,1593,913,342,676,3243,1625,941,357,690,3488,1619,954,366,770,3356,1590,924,349,756,Right
3555,1561,932,340,677,3305,1608,948,350,689,3546,1616,952,356,769,3255,1569,932,345,756,Right
3578,1559,930,337,661,3225,1591,943,344,675,3402,1585,946,349,752,3223,1557,928,340,738,Right
3679,1565,905,341,666,3257,1601,927,346,680,3550,1599,934,350,759,3244,1565,909,345,746,Right
3693,2227,532,496,1022,3285,2330,542,540,1073,3437,2371,546,579,1192,3422,2361,523,579,1168,Right
2480,1558,882,473,1333,1982,1664,1054,476,1382,2205,1748,1190,521,1526,2106,1767,1223,542,1493,Right
2425,1608,871,563,1626,2010,1700,1016,572,1683,2194,1773,1141,621,1865,2023,1775,1187,630,1828,Right
2384,1659,933,654,2077,2043,1772,1070,704,2129,2129,1861,1195,778,2354,2158,1863,1230,786,2303,Right
2229,1661,950,772,2280,1941,1785,1181,857,2318,2044,1892,1357,967,2551,2036,1911,1392,982,2493,Right
2037,1730,1496,911,2604,2127,1849,1578,1019,2626,2214,1948,1657,1149,2883,2173,1971,1627,1134,2825,Right
1728,1168,825,831,2750,1885,1253,918,998,2780,2013,1329,990,1125,3062,1957,1313,965,1085,3014,Right
1469,845,940,835,2684,1575,953,993,946,2703,1645,1063,1009,1041,2972,1549,1056,904,996,2914,Right
1321,847,936,845,2807,1509,1006,1094,1039,2865,1638,1158,1182,1174,3164,1572,1152,1109,1123,3099,Left
1514,1236,979,737,2480,1431,1329,1138,831,2532,1359,1405,1237,923,2826,1377,1377,1194,891,2793,Left
1382,1325,898,706,2508,1550,1385,975,736,2572,1678,1431,1028,817,2870,1762,1382,961,807,2833,Left
1667,1268,1020,854,2744,1575,1225,1050,739,2808,1616,1204,1100,736,3127,1654,1159,1060,739,3084,Left
1483,1229,891,821,2550,1518,1051,820,717,2579,1556,1020,822,731,2861,1547,968,781,715,2832,Left
1386,1241,938,766,2822,1399,1125,851,693,2851,1559,1103,859,737,3108,1582,1094,868,748,3022,Forward
1643,1115,862,788,2767,1628,1117,925,821,2828,1647,1186,1073,915,3094,1702,1192,1122,914,3002,Forward
2770,1092,1054,814,2708,2651,1181,1200,874,2722,2565,1289,1353,956,2941,2547,1295,1349,939,2844,Forward
2717,1185,670,811,2617,2723,1325,943,876,2624,2802,1480,1197,985,2830,2892,1508,1296,991,2730,Forward
2806,1212,717,893,2645,2840,1250,855,991,2712,2866,1275,965,1090,2975,2887,1239,987,1065,2898,Forward
3509,1716,776,860,2480,3361,1759,895,920,2533,3289,1809,987,1018,2787,3517,1786,996,1011,2723,Backward
3649,2370,941,877,2574,3535,2452,1059,964,2622,3565,2519,1142,1084,2873,3570,2493,1123,1083,2794,Backward
4077,2324,1174,1029,2688,4074,2375,1304,1107,2739,4094,2402,1397,1171,3027,4065,2340,1377,1099,2971,Backward
4068,2089,1002,962,2614,4020,2071,1093,1073,2690,4069,2041,1146,1139,3009,4024,1946,1085,1060,2964,Backward
4407,2228,1091,1016,2465,4207,2239,1109,1017,2552,4125,2237,1119,994,2853,4045,2188,1046,879,2801,Backward
4561,1986,1145,919,2543,4632,1961,1161,942,2629,4649,1918,1144,948,2950,4531,1847,1019,851,2909,Backward
3552,1524,1015,954,2577,3443,1555,983,967,2662,3322,1569,925,957,2995,3244,1499,783,839,2955,Backward
2212,1370,825,916,2555,2179,1396,881,972,2632,2114,1397,902,990,2959,2018,1334,793,885,2925,Backward
1628,1095,771,891,2568,1662,1149,848,977,2620,1719,1184,900,1027,2895,1666,1147,831,938,2829,Backward
1579,1153,891,831,2532,1557,1147,919,896,2593,1606,1137,917,933,2883,1540,1089,817,851,2825,Backward
1096,1072,588,846,2759,1088,1162,601,943,2821,1157,1225,620,1022,3139,1123,1202,586,974,3083,Backward
1355,1306,642,851,2750,1312,1399,726,927,2793,1325,1458,792,982,3066,1351,1414,766,929,2984,Backward
1403,1372,624,803,2779,1431,1508,868,952,2832,1499,1622,1058,1062,3100,1508,1634,1093,1024,3001,Backward
1339,1292,589,764,2705,1504,1472,835,874,2745,1644,1647,1031,979,2979,1692,1682,1061,954,2866,Right
1524,1099,620,826,2699,1631,1317,811,853,2737,1723,1515,954,903,2955,1763,1625,951,888,2835,Right
1982,942,505,631,2350,2122,1140,603,725,2410,2244,1295,716,828,2632,2309,1339,742,835,2539,Right
1894,898,646,712,2041,1871,950,629,735,2100,1881,979,615,745,2338,1886,955,559,697,2291,Right
1878,919,579,706,1988,1845,918,540,729,2022,1867,926,522,804,2241,1972,900,498,831,2196,Right
1990,935,668,813,2661,2028,892,660,844,2717,2067,864,666,899,2989,2143,786,639,887,2925,Right
937,982,706,748,2591,1030,855,676,785,2660,1097,762,658,843,2940,1034,663,613,806,2880,Right
668,669,685,719,2660,531,478,668,775,2740,542,397,662,878,3016,574,393,635,887,2940,Right
2304,2517,1616,699,2269,2186,2654,1638,783,2320,2379,2726,1620,854,2565,2224,2646,1499,815,2512,Left
2336,3589,1279,790,2110,2139,3694,1378,909,2156,2236,3741,1436,982,2380,2211,3658,1384,925,2321,Left
2760,4370,1502,772,2084,2540,4497,1568,876,2157,2542,4562,1627,965,2413,2652,4468,1618,940,2362,Left
3589,4345,1683,774,1990,3260,4418,1717,803,2059,3312,4440,1737,853,2301,3490,4321,1676,852,2260,Left
3163,4322,1740,727,1724,3150,4382,1811,714,1788,3409,4386,1857,736,1997,3051,4258,1805,731,1964,Left
3120,4357,1739,748,1755,2754,4408,1821,739,1814,3002,4404,1881,769,2024,2888,4271,1846,773,1989,Left
2901,2603,1776,919,1554,2490,2560,1792,922,1591,2623,2492,1798,931,1772,2613,2353,1742,889,1747,Left
3558,3867,1156,704,1324,3084,3829,1176,645,1374,3335,3756,1183,620,1541,3280,3578,1138,580,1524,Left
6904,6277,2468,976,1437,6438,6325,2433,951,1493,6389,6292,2345,921,1659,6586,6149,2282,882,1634,Forward
6903,5758,2449,849,1193,6669,5853,2469,851,1216,6952,5853,2426,824,1353,6765,5731,2400,807,1335,Forward
7284,3437,2167,984,803,7307,3470,2166,1000,829,7490,3456,2115,997,909,7395,3396,2094,997,888,Forward
4659,2787,1926,921,265,4495,2749,1894,912,272,4937,2656,1806,866,247,4402,2684,1829,877,233,Backward
3408,1833,1132,576,747,3293,1817,1137,573,768,3458,1788,1108,549,837,3313,1803,1112,551,815,Backward
3172,1116,695,301,705,3042,1043,694,290,719,3327,1039,704,291,799,2959,1098,699,299,786,Backward
3102,688,661,210,684,2790,703,674,216,701,3152,721,684,221,779,2785,696,668,214,763,Backward
2015,449,187,69,29,2058,447,177,70,27,2392,442,172,68,26,1887,436,176,66,26,Backward
4434,3224,1419,278,589,3848,3282,1468,296,602,4029,3297,1491,311,672,4008,3225,1450,286,659,Right
4284,3199,1438,259,588,3995,3270,1478,266,600,4191,3292,1493,274,669,4008,3214,1456,262,657,Right
4436,3199,1430,260,588,3953,3262,1478,266,600,4182,3279,1500,273,669,4023,3209,1453,263,657,Right
4375,3157,1449,262,589,3982,3267,1476,269,601,4279,3317,1479,278,671,4022,3194,1465,265,659,Right
5036,2591,1051,262,794,4846,2690,1108,288,817,4787,2753,1144,305,905,4878,2648,1091,278,886,Left
5113,2466,1027,226,792,4943,2533,1047,232,810,5185,2577,1062,234,897,4931,2504,1039,229,879,Left
5256,2453,1007,222,791,4842,2528,1043,230,810,4960,2576,1069,235,897,4926,2498,1027,225,879,Left
5376,2453,1010,218,792,4890,2501,1056,233,811,5168,2533,1089,241,897,4952,2481,1046,230,880,Left
5361,2488,1055,123,513,5031,2590,1081,128,523,5191,2659,1095,131,580,4935,2554,1063,124,571,Left
2042,840,361,179,80,1949,835,362,179,77,2260,834,361,181,82,1733,838,363,182,83,Left
835,565,204,66,54,576,560,200,62,53,907,552,203,66,60,506,559,198,61,60,Left
749,513,181,62,54,448,508,178,58,52,780,500,177,61,60,429,502,175,56,60,Left
656,294,72,29,14,324,289,71,29,13,656,286,69,30,13,331,289,71,29,14,Left
4502,3602,1776,588,1273,4119,3685,1830,624,1292,4296,3709,1856,645,1430,4166,3632,1798,618,1408,Forward
4401,3571,1794,618,1580,4456,3668,1824,689,1595,4639,3707,1836,756,1753,4433,3637,1772,749,1717,Forward
4464,3619,1810,713,1870,4430,3722,1805,773,1907,4531,3772,1785,844,2112,4352,3713,1696,842,2081,Forward
4643,3217,1909,1104,2211,4468,3299,1883,1159,2273,4449,3345,1852,1224,2518,4470,3320,1770,1214,2467,Forward
2256,2018,779,739,2396,2182,2078,679,742,2443,2157,2124,623,809,2719,2180,2084,622,821,2677,Forward
1595,640,590,774,2601,1697,570,529,755,2648,1790,576,502,846,2941,1734,585,447,877,2886,Forward
820,768,648,832,2505,830,793,593,839,2591,862,816,552,860,2878,727,782,468,816,2815,Forward
1104,967,530,771,2307,929,1024,570,803,2380,874,1062,605,833,2645,878,1046,569,788,2596,Forward
1188,1002,603,855,2401,1127,1074,548,844,2472,1226,1124,520,827,2745,1113,1080,477,746,2694,Forward
1158,939,511,814,2290,1097,1022,543,866,2349,1194,1056,546,889,2618,1079,994,467,820,2573,Forward
1053,902,476,698,2469,993,1023,558,827,2529,1024,1106,636,934,2784,1049,1077,616,920,2720,Forward
4292,2783,1909,896,2232,4219,2841,2009,972,2272,4337,2875,2057,1030,2519,4163,2812,1980,993,2474,Backward
4619,3291,2067,828,1939,4673,3395,2142,875,1975,4767,3445,2170,912,2191,4575,3403,2099,895,2147,Backward
5344,3369,2137,804,1705,5029,3433,2213,855,1735,5082,3451,2242,888,1933,5115,3393,2168,848,1900,Backward
4852,2957,1187,587,1313,4780,2973,1251,601,1339,4975,2960,1288,611,1495,4632,2955,1228,593,1469,Backward
3387,2603,916,476,1041,2999,2642,941,495,1062,3236,2643,949,506,1189,3072,2607,927,484,1168,Backward
2896,1778,830,408,1037,2714,1773,869,425,1059,2912,1758,890,438,1182,2665,1757,841,424,1161,Right
2877,1764,832,413,1041,2714,1771,869,426,1062,2909,1764,888,437,1179,2659,1749,846,418,1158,Right
2953,1717,855,387,1044,2624,1758,885,407,1066,2769,1772,900,432,1183,2584,1737,859,428,1161,Right
3103,1716,845,395,1011,2647,1760,875,386,1051,2875,1777,891,384,1168,2704,1740,856,378,1145,Right
2858,1625,890,371,871,2494,1673,934,372,887,2804,1697,949,361,987,2534,1656,889,344,970,Right
1448,464,217,114,41,1250,462,218,114,40,1573,461,221,115,41,1097,460,222,116,41,Right
602,104,67,30,11,317,101,63,29,11,650,101,64,29,10,269,104,67,30,11,Right
462,68,76,26,11,132,66,73,26,10,465,65,73,26,10,128,68,77,28,11,Right
464,91,64,28,11,129,89,61,26,11,462,88,61,26,11,131,91,64,28,11,Right
4734,3215,1451,312,631,4258,3272,1521,332,641,4442,3302,1563,347,718,4402,3241,1494,326,707,Left
4515,3289,1386,320,630,4274,3345,1443,325,639,4608,3375,1476,332,717,4207,3317,1421,324,707,Left
4549,3248,1396,312,630,4219,3333,1450,322,639,4387,3382,1482,330,717,4241,3293,1431,319,706,Left
4652,3255,1405,310,630,4255,3329,1452,322,639,4570,3368,1480,331,717,4247,3293,1434,318,706,Left
4598,3192,1449,307,630,4268,3327,1458,322,639,4583,3405,1463,334,717,4278,3267,1456,317,707,Left
2517,930,413,207,93,2563,935,415,208,92,2891,936,424,207,101,2355,935,420,207,100,Left
761,330,170,77,69,502,330,170,79,68,832,328,171,79,79,426,329,171,78,79,Left
673,329,162,78,69,343,328,162,79,68,672,324,164,80,79,346,327,164,78,79,Left
684,332,169,80,70,363,334,170,81,68,697,327,171,82,79,355,330,171,80,79,Left
4725,3933,2019,529,1067,4269,4023,2081,556,1084,4385,4054,2114,572,1210,4362,3967,2043,552,1193,Forward
4578,3875,2019,580,1541,4581,3963,2051,628,1577,4798,3996,2069,705,1738,4569,3923,1998,731,1705,Forward
4548,3946,2069,704,2114,4405,4043,2092,794,2175,4614,4083,2111,909,2405,4517,4020,2037,934,2352,Forward
4383,3927,1969,757,2431,4321,4066,2005,881,2495,4444,4140,2032,1033,2752,4448,4076,1950,1074,2691,Forward
3670,1627,1032,704,2742,3811,1746,988,885,2813,3904,1839,986,1040,3095,3643,1835,943,1057,3019,Forward
2037,1115,735,708,2658,2039,987,894,900,2738,2041,927,1056,1074,3026,2051,932,1122,1100,2957,Forward
1385,490,430,753,2729,1399,646,431,881,2800,1449,789,517,1012,3088,1517,847,544,1025,3019,Backward
1050,389,300,622,2363,908,478,246,623,2424,983,610,355,694,2681,963,694,413,726,2618,Backward
1187,421,456,622,2153,1124,516,335,559,2214,1195,662,306,610,2449,1027,732,343,654,2396,Backward
981,594,437,601,1588,841,451,311,546,1697,871,374,272,573,1912,475,337,291,576,1882,Backward
3035,2152,1108,522,1356,2790,2203,1164,553,1377,2959,2219,1190,574,1526,2817,2166,1144,555,1501,Right
3054,2106,1085,497,1133,2819,2158,1123,512,1150,2933,2175,1137,525,1282,2833,2116,1100,511,1262,Right
3073,2124,1058,480,1048,2762,2151,1102,497,1069,2998,2153,1120,509,1190,2715,2120,1084,491,1169,Right
3155,2078,1041,451,958,2771,2121,1085,469,969,3093,2133,1105,490,1075,2821,2075,1063,477,1055,Right
3120,2161,959,371,742,2796,2131,1021,396,751,3107,2096,1049,414,834,2775,2102,974,401,821,Right
1320,449,243,105,39,1003,445,241,105,39,1329,441,242,106,38,969,440,245,106,38,Right
579,89,59,25,11,294,86,55,24,10,628,88,57,24,10,244,88,61,25,10,Right
516,71,66,26,10,176,69,63,25,10,512,70,65,24,10,184,72,68,26,10,Left
1918,3217,2512,754,421,1627,3278,2511,784,422,1987,3317,2501,804,469,1705,3329,2478,782,464,Left
4577,3532,1793,785,403,4320,3623,1857,814,409,4434,3671,1893,834,459,4334,3578,1827,804,452,Left
4427,3564,1789,784,402,4172,3635,1862,814,409,4297,3670,1905,834,459,4133,3597,1829,804,452,Left
4479,3541,1804,784,402,4184,3641,1858,815,409,4449,3695,1889,835,459,4112,3593,1832,804,452,Left
4416,3569,1803,784,402,4201,3644,1863,813,409,4520,3684,1897,831,459,4099,3607,1833,803,452,Forward
4330,3242,1323,492,592,4441,3295,1314,478,602,4533,3315,1308,472,666,4391,3238,1284,477,657,Forward
4341,2923,1162,386,582,4017,2966,1177,391,593,4179,2977,1184,398,660,4033,2933,1156,390,649,Forward
4218,2881,1121,373,579,3909,2938,1148,385,592,4062,2956,1164,396,660,3922,2895,1128,380,648,Forward
4334,2884,1117,373,579,3915,2947,1151,384,592,4151,2969,1170,395,660,3919,2901,1128,380,648,Forward
4266,2884,1138,372,579,3953,2939,1163,383,592,4285,2954,1177,394,660,3919,2895,1144,379,647,Forward
2901,1340,629,296,109,2791,1329,620,293,108,3122,1310,611,289,107,2604,1295,603,286,105,Forward
1000,263,152,68,26,590,263,151,67,26,917,263,148,67,26,648,263,150,67,26,Forward
522,105,55,27,12,170,102,52,26,12,502,101,52,26,12,193,104,55,27,12,Forward
470,128,92,31,22,145,126,90,30,21,477,125,91,30,24,138,128,93,31,24,Forward
525,191,191,203,350,189,181,195,211,354,500,173,202,214,397,170,179,207,196,394,Forward
1378,849,340,456,1214,1154,868,374,461,1242,1368,887,397,460,1381,1064,875,335,427,1354,Backward
1449,824,427,490,1298,1294,854,418,491,1329,1513,876,404,487,1471,1286,863,369,443,1437,Backward
1586,865,377,487,1281,1315,865,380,487,1312,1548,866,376,482,1452,1297,875,317,441,1418,Backward
1685,671,393,358,1178,1275,722,411,354,1207,1542,752,417,347,1340,1310,717,356,309,1308,Backward
1183,579,331,319,968,894,621,313,313,988,1235,653,298,309,1094,868,645,249,284,1070,Backward
1050,383,193,187,480,875,367,187,195,490,1175,356,182,204,548,723,364,176,194,539,Backward
1074,674,266,368,1030,643,676,242,387,1060,896,670,222,399,1182,658,639,194,376,1162,Backward
1011,659,331,507,1396,635,655,307,543,1437,896,648,287,570,1595,557,629,270,543,1560,Backward
1040,731,326,668,2017,806,739,318,739,2075,988,737,340,787,2306,736,729,341,750,2260,Backward
1617,925,280,700,2273,1468,854,268,727,2343,1660,851,364,779,2577,1454,905,445,753,2503,Right
1777,785,247,684,2154,1505,800,234,723,2221,1730,859,326,774,2446,1504,876,404,752,2377,Right
1833,778,262,430,1778,1424,781,286,404,1833,1731,808,354,462,2026,1473,820,433,498,1981,Right
1834,735,222,233,958,1495,726,148,230,981,1830,716,114,266,1081,1474,710,109,287,1054,Right
1229,220,89,37,15,1097,216,88,36,14,1431,213,85,35,13,919,213,87,34,14,Left
4596,2932,1058,196,587,4271,3004,1098,188,596,4440,3048,1119,185,666,4316,2974,1080,191,656,Left
4417,2936,1071,170,586,4149,3016,1102,178,596,4357,3065,1117,185,666,4127,2984,1089,173,655,Left
4486,2946,1068,175,586,4137,3012,1106,176,596,4354,3052,1127,181,666,4117,2985,1091,174,655,Left
4468,2970,1065,174,586,4167,3013,1109,176,596,4503,3037,1134,182,666,4125,2994,1093,174,655,Left
4303,2714,871,202,531,3857,2751,905,211,542,4087,2760,919,222,600,3958,2719,887,211,590,Forward
4107,2722,869,204,531,3835,2779,889,208,541,4099,2800,895,215,599,3786,2739,877,209,590,Forward
4190,2752,884,219,641,3832,2817,895,229,654,3915,2845,895,252,719,3876,2795,877,254,706,Forward
4176,2785,953,450,1310,3889,2869,973,464,1335,4100,2912,977,484,1478,3881,2850,946,473,1453,Forward
4348,2661,1041,673,1849,4054,2791,1028,748,1890,4244,2866,1026,809,2098,4001,2792,987,767,2063,Forward
2002,1050,595,879,2185,1702,1040,633,899,2255,1767,1084,671,921,2503,1712,1056,633,855,2452,Forward
1739,1148,1036,918,2464,1920,1189,1047,915,2538,2060,1262,1041,932,2808,1811,1345,944,873,2741,Forward
2028,1973,1110,963,2599,1947,1962,1113,955,2667,1961,1979,1131,970,2954,1911,1923,1097,908,2889,Backward
3393,3419,1158,724,1906,3462,3475,1230,705,1964,3556,3499,1287,728,2179,3518,3453,1243,719,2133,Backward
3685,3417,1153,635,1551,3380,3462,1209,638,1589,3308,3485,1251,656,1772,3412,3441,1267,641,1740,Backward
3776,2212,960,400,1098,3432,2272,993,424,1126,3697,2297,1007,444,1246,3421,2243,975,429,1221,Backward
3543,1378,441,223,579,3205,1486,454,235,594,3515,1557,468,245,659,3254,1446,456,230,644,Backward
2149,619,304,143,54,2083,616,305,146,54,2391,611,306,146,54,1877,619,305,148,53,Backward
688,182,85,33,13,386,176,82,32,13,720,175,81,31,13,361,182,81,32,13,Backward
669,180,87,36,13,343,178,86,36,14,681,172,83,38,13,345,182,86,38,13,Backward
626,204,95,31,14,283,201,93,30,13,618,199,91,31,12,309,207,92,31,13,Right
4529,3104,1446,366,441,4118,3148,1498,382,447,4234,3156,1524,393,500,4219,3113,1466,379,492,Right
4240,3176,1413,371,441,3987,3215,1467,382,446,4285,3220,1495,389,498,3919,3179,1437,380,492,Right
4264,3120,1436,367,440,3947,3195,1475,381,446,4096,3223,1496,389,498,3942,3147,1451,378,492,Right
4375,3139,1424,368,440,3966,3199,1466,381,446,4253,3216,1488,389,498,3950,3156,1440,379,492,Right
4305,3189,1398,360,441,3969,3181,1494,378,446,4268,3152,1548,390,497,3979,3162,1450,373,492,Right
2388,684,323,155,56,2462,688,326,156,57,2782,694,330,157,57,2258,699,333,159,58,Right
655,86,51,25,11,398,84,50,24,11,724,86,48,25,11,325,85,50,26,11,Right
549,82,53,29,12,215,81,51,29,11,547,82,52,30,11,220,84,54,30,11,Right
522,78,42,35,12,185,76,40,34,11,517,77,41,34,11,192,79,44,36,11,Right
515,84,72,32,11,180,82,69,31,11,512,84,69,31,11,183,86,73,33,11,Right
485,82,68,31,11,156,80,66,30,11,489,82,66,31,11,153,84,69,32,11,Right
486,119,157,89,166,148,118,153,95,171,485,118,151,101,192,149,113,146,100,190,Right
5078,2992,1523,317,922,5038,3112,1574,324,937,5036,3186,1602,333,1043,5047,3066,1549,321,1027,Left
5613,2787,1531,311,922,5290,2873,1585,320,937,5312,2925,1612,330,1043,5349,2837,1560,316,1027,Left
5252,2828,1533,311,922,5035,2910,1586,320,938,5198,2961,1613,329,1043,5037,2877,1561,316,1028,Left
5370,2847,1516,308,920,5027,2909,1574,318,936,5209,2947,1605,327,1040,5024,2884,1547,314,1025,Left
5448,2858,1507,309,915,5033,2940,1557,304,932,5328,2995,1583,305,1031,5000,2934,1525,291,1013,Left
4862,1809,799,367,130,4321,1814,807,373,132,4387,1822,813,377,134,4447,1823,815,378,135,Left
1371,186,80,34,15,848,182,76,32,13,1107,183,79,33,15,1034,182,78,34,14,Left
624,138,66,34,16,320,131,65,32,13,658,139,66,33,14,288,138,64,34,14,Left
507,106,60,28,15,179,103,55,26,13,507,107,54,27,14,175,106,55,27,14,Left
497,115,48,27,15,159,112,47,25,13,487,111,47,25,13,169,115,49,26,13,Left
